{
  "$orqui": {
    "schema": "layout-contract",
    "version": "1.0.0",
    "hash": "sha256:945cd9aca74ed600c6c721a2c889a48a67a46baa8dc166ce94a8a44be2a08871",
    "generatedAt": "2026-02-03T03:46:12.811Z"
  },
  "structure": {
    "regions": {
      "sidebar": {
        "enabled": true,
        "position": "left",
        "dimensions": {
          "width": "$tokens.sizing.sidebar-width",
          "height": "$tokens.sizing.full-height",
          "minWidth": "$tokens.sizing.sidebar-collapsed"
        },
        "padding": {
          "top": "$tokens.spacing.xs",
          "right": "0",
          "bottom": "0",
          "left": "0"
        },
        "containers": [
          {
            "name": "brand",
            "description": "Nome do workspace ativo",
            "order": 0,
            "padding": {
              "top": "$tokens.spacing.md",
              "right": "$tokens.sizing.sidebar-pad",
              "bottom": "$tokens.spacing.md",
              "left": "$tokens.sizing.sidebar-pad"
            }
          },
          {
            "name": "navigation",
            "description": "Links de navegação principal",
            "order": 1,
            "padding": {
              "top": "$tokens.spacing.md",
              "right": "$tokens.sizing.sidebar-nav-pad",
              "bottom": "$tokens.spacing.xs",
              "left": "$tokens.sizing.sidebar-nav-pad"
            },
            "navItemInternalPad": "6px",
            "_alignNote": "container-pad + navItemInternalPad = sidebar-pad"
          },
          {
            "name": "sidebarFooter",
            "description": "Perfil do usuário e ações de conta",
            "order": 2,
            "padding": {
              "top": "$tokens.spacing.xs",
              "right": "$tokens.sizing.sidebar-nav-pad",
              "bottom": "$tokens.spacing.xs",
              "left": "$tokens.sizing.sidebar-nav-pad"
            }
          }
        ],
        "behavior": {
          "fixed": true,
          "collapsible": true,
          "scrollable": false,
          "collapsedDisplay": "icon-only"
        },
        "navigation": {
          "icons": {
            "enabled": true,
            "size": "$tokens.sizing.icon-md",
            "gap": "$tokens.spacing.sm"
          },
          "typography": {
            "fontSize": "$tokens.fontSizes.sm",
            "activeFontWeight": "$tokens.fontWeights.bold",
            "activeColor": "$tokens.colors.bg",
            "fontFamily": "$tokens.fontFamilies.mono",
            "hoverColor": "$tokens.colors.accent-dim",
            "cardEnabled": true,
            "activeBackground": "$tokens.colors.accent-dim",
            "cardBackground": "",
            "cardBorderColor": "",
            "cardBorderWidth": "1",
            "cardBorderRadius": "$tokens.borderRadius.md",
            "cardPadding": "$tokens.spacing.sm",
            "activeCardBorder": "$tokens.colors.accent",
            "hoverCardBorder": "",
            "hoverBackground": "$tokens.colors.surface",
            "hoverFontWeight": ""
          },
          "items": [
            {
              "id": "dashboard",
              "label": "Dashboard",
              "icon": "ph:chart-bar",
              "route": "/dashboard"
            },
            {
              "id": "runs",
              "label": "Runs",
              "icon": "ph:flow-arrow",
              "route": "/runs"
            },
            {
              "id": "gates",
              "label": "Gates",
              "icon": "ph:shield-check",
              "route": "/gates"
            },
            {
              "id": "workspaces",
              "label": "Workspaces",
              "icon": "ph:folder",
              "route": "/workspaces"
            },
            {
              "id": "projects",
              "label": "Projects",
              "icon": "ph:squares-four",
              "route": "/projects"
            },
            {
              "id": "mcp",
              "label": "MCP",
              "icon": "ph:lightning",
              "route": "/mcp"
            },
            {
              "id": "config",
              "label": "Config",
              "icon": "ph:gear",
              "route": "/config"
            }
          ]
        },
        "collapseButton": {
          "icon": "chevron",
          "position": "edge-center",
          "size": "$tokens.sizing.icon-md"
        },
        "separators": {
          "header": {
            "enabled": true,
            "color": "$tokens.colors.border",
            "width": "$tokens.borderWidth.thin",
            "style": "solid"
          },
          "footer": {
            "enabled": true,
            "color": "$tokens.colors.border",
            "width": "$tokens.borderWidth.thin",
            "style": "solid"
          },
          "navGroups": {
            "enabled": false,
            "color": "$tokens.colors.border",
            "width": "$tokens.borderWidth.thin",
            "style": "solid"
          }
        },
        "background": "$tokens.colors.sidebar-bg",
        "alignmentPad": "$tokens.sizing.sidebar-pad",
        "collapsedTooltip": {
          "mandatory": true,
          "_note": "Always enabled when collapsed. Not user-configurable.",
          "background": "$tokens.colors.surface-3",
          "color": "$tokens.colors.text",
          "borderColor": "$tokens.colors.border",
          "borderRadius": "$tokens.borderRadius.sm",
          "fontSize": "$tokens.fontSizes.xs",
          "fontFamily": "$tokens.fontFamilies.mono",
          "fontWeight": "$tokens.fontWeights.medium",
          "padding": "5px 10px",
          "shadow": "0 4px 12px rgba(0,0,0,0.4)",
          "offset": "12px",
          "arrow": true
        }
      },
      "header": {
        "enabled": true,
        "position": "top",
        "dimensions": {
          "height": "$tokens.sizing.header-height"
        },
        "padding": {
          "top": "0",
          "right": "0",
          "bottom": "0",
          "left": "0"
        },
        "containers": [
          {
            "name": "brand",
            "description": "Logo e identidade da aplicação",
            "order": 0,
            "zone": "sidebar"
          },
          {
            "name": "breadcrumb",
            "description": "Navegação hierárquica da página atual",
            "order": 1,
            "zone": "content"
          },
          {
            "name": "actions",
            "description": "Ações contextuais (busca, CTAs, ícones)",
            "order": 2,
            "zone": "content"
          },
          {
            "name": "userMenu",
            "description": "Avatar, notificações, menu do usuário",
            "order": 3,
            "zone": "content"
          }
        ],
        "behavior": {
          "fixed": true,
          "collapsible": false,
          "scrollable": false
        },
        "separators": {
          "bottom": {
            "enabled": true,
            "color": "$tokens.colors.border",
            "width": "$tokens.borderWidth.thin",
            "style": "solid"
          }
        },
        "background": "$tokens.colors.header-bg",
        "zones": {
          "sidebar": {
            "description": "Left zone — matches sidebar width. Contains logo.",
            "width": "$tokens.sizing.sidebar-width",
            "collapsedWidth": "$tokens.sizing.sidebar-collapsed",
            "paddingLeft": "$tokens.sizing.sidebar-pad",
            "borderRight": {
              "enabled": true,
              "color": "$tokens.colors.border",
              "width": "$tokens.borderWidth.thin"
            },
            "contains": [
              "brand"
            ]
          },
          "content": {
            "description": "Right zone — flex:1, matches main content padding. Contains breadcrumbs + actions.",
            "paddingLeft": "$tokens.sizing.main-pad",
            "paddingRight": "$tokens.sizing.main-pad",
            "contains": [
              "breadcrumb",
              "spacer",
              "actions",
              "userMenu"
            ]
          }
        }
      },
      "main": {
        "enabled": true,
        "position": "center",
        "dimensions": {
          "maxWidth": "$tokens.sizing.content-max-width"
        },
        "padding": {
          "top": "$tokens.spacing.md",
          "right": "$tokens.sizing.main-pad",
          "bottom": "$tokens.spacing.xl",
          "left": "$tokens.sizing.main-pad"
        },
        "containers": [
          {
            "name": "content",
            "description": "Conteúdo principal da página",
            "order": 1
          }
        ],
        "behavior": {
          "fixed": false,
          "collapsible": false,
          "scrollable": true
        },
        "background": ""
      },
      "footer": {
        "enabled": true,
        "position": "bottom",
        "dimensions": {
          "height": "$tokens.sizing.footer-height"
        },
        "padding": {
          "top": "0",
          "right": "$tokens.sizing.main-pad",
          "bottom": "0",
          "left": "$tokens.sizing.main-pad"
        },
        "containers": [
          {
            "name": "status",
            "description": "Status do sistema e versão",
            "order": 0
          },
          {
            "name": "links",
            "description": "Links de suporte e documentação",
            "order": 1
          }
        ],
        "behavior": {
          "fixed": false,
          "collapsible": false,
          "scrollable": false
        },
        "separators": {
          "top": {
            "enabled": true,
            "color": "$tokens.colors.border",
            "width": "$tokens.borderWidth.thin",
            "style": "solid"
          }
        },
        "background": ""
      }
    },
    "breadcrumbs": {
      "enabled": true,
      "position": "header",
      "alignment": "left",
      "separator": "›",
      "clickable": true,
      "padding": {
        "left": "0"
      },
      "typography": {
        "fontSize": "$tokens.fontSizes.xs",
        "fontWeight": "$tokens.fontWeights.medium",
        "fontFamily": "$tokens.fontFamilies.mono",
        "activeColor": "$tokens.colors.accent"
      },
      "homeRoute": "/",
      "arrows": false,
      "autoHide": false,
      "showHome": true,
      "homeLabel": "Home",
      "_alignNote": "Left edge controlled by header content-zone paddingLeft"
    },
    "logo": {
      "type": "icon-text",
      "text": "Gatekeeper",
      "icon": "ph:shield-check",
      "iconUrl": "",
      "imageUrl": "",
      "position": "header",
      "headerSlot": "left",
      "sidebarAlign": "left",
      "alignWithHeader": true,
      "padding": {
        "top": 0,
        "right": 0,
        "bottom": 0,
        "left": 0
      },
      "iconGap": 8,
      "typography": {
        "fontFamily": "JetBrains Mono",
        "fontSize": 19,
        "fontWeight": 700,
        "color": "#3a6ab5",
        "letterSpacing": -0.02
      },
      "iconSize": 26,
      "_alignNote": "Padding controlled by header sidebar-zone paddingLeft"
    },
    "favicon": {
      "type": "emoji",
      "url": "",
      "emoji": "ph:shield-check",
      "color": "#3a6ab5"
    },
    "headerElements": {
      "search": {
        "enabled": true,
        "placeholder": "Buscar...",
        "icon": "ph:magnifying-glass"
      },
      "cta": {
        "enabled": false,
        "label": "Nova Validação",
        "variant": "default",
        "route": "/runs/new"
      },
      "icons": {
        "enabled": true,
        "items": [
          {
            "id": "bell",
            "route": "/bell"
          },
          {
            "id": "settings",
            "route": "/settings"
          }
        ]
      },
      "ctas": [
        {
          "id": "cta-mcp",
          "label": "MCP",
          "variant": "outline",
          "route": "/mcp",
          "icon": "ph:hard-drives"
        },
        {
          "id": "cta-new-validation",
          "label": "Nova Validação",
          "variant": "default",
          "route": "/runs/new"
        }
      ],
      "order": [
        "cta:cta-mcp",
        "search",
        "cta:cta-new-validation",
        "icons"
      ]
    },
    "pages": {
      "dashboard": {
        "label": "Dashboard",
        "route": "/",
        "description": "Visão geral de workspaces, projetos e validações",
        "browserTitle": "Dashboard / Gatekeeper"
      },
      "runs": {
        "label": "Runs de Validação",
        "route": "/runs",
        "description": "Ver e gerenciar todas as runs de validação",
        "browserTitle": "Runs de Validação / Gatekeeper"
      },
      "new-validation": {
        "label": "Nova Validação",
        "route": "/runs/new",
        "description": "Carregue o plano e o teste",
        "browserTitle": "Nova Validação / Gatekeeper"
      },
      "gates": {
        "label": "Validation Gates",
        "route": "/gates",
        "description": "Visão geral de todos os validation gates e seus validators",
        "browserTitle": "Validation Gates / Gatekeeper"
      },
      "workspaces": {
        "label": "Workspaces",
        "route": "/workspaces",
        "description": "Gerenciar workspaces de validação",
        "browserTitle": "Workspaces / Gatekeeper"
      },
      "projects": {
        "label": "Projects",
        "route": "/projects",
        "description": "Gerenciar projetos de validação",
        "browserTitle": "Projects / Gatekeeper"
      },
      "mcp": {
        "label": "MCP",
        "route": "/mcp",
        "description": "Model Context Protocol — sessões e ferramentas",
        "browserTitle": "MCP Server / Gatekeeper"
      },
      "config": {
        "label": "Config",
        "route": "/config",
        "description": "Configurações gerais do Gatekeeper",
        "browserTitle": "Config / Gatekeeper"
      }
    },
    "contentLayout": {
      "centering": false,
      "grid": {
        "enabled": false,
        "columns": 1,
        "minColumnWidth": "280px",
        "gap": "$tokens.spacing.md"
      }
    },
    "pageHeader": {
      "enabled": true,
      "showTitle": true,
      "showSubtitle": true,
      "showDivider": false,
      "padding": {
        "top": "0",
        "right": "0",
        "bottom": "$tokens.spacing.lg",
        "left": "0"
      },
      "typography": {
        "title": {
          "fontSize": "$tokens.fontSizes.2xl",
          "fontWeight": "$tokens.fontWeights.bold",
          "letterSpacing": "-0.02em"
        },
        "subtitle": {
          "fontSize": "$tokens.fontSizes.sm",
          "color": "$tokens.colors.text-muted"
        }
      }
    },
    "layoutMode": "header-first",
    "scrollbar": {
      "width": "5px",
      "thumbColor": "rgba(232,156,40,0.12)",
      "thumbHoverColor": "rgba(232,156,40,0.25)",
      "trackColor": "transparent",
      "borderRadius": "3px"
    },
    "toast": {
      "position": "bottom-right",
      "maxVisible": 3,
      "duration": 4000
    },
    "emptyState": {
      "icon": "ph:magnifying-glass",
      "title": "Nenhum item encontrado",
      "description": "Tente ajustar seus filtros ou criar um novo item.",
      "showAction": true,
      "actionLabel": "Criar Novo"
    },
    "skeleton": {
      "animation": "pulse",
      "baseColor": "rgba(232,156,40,0.04)",
      "highlightColor": "rgba(232,156,40,0.08)",
      "borderRadius": "4px",
      "duration": "1.8s"
    },
    "appTitle": "Gatekeeper",
    "tableSeparator": {
      "color": "$tokens.colors.border",
      "width": "1px",
      "style": "solid",
      "headerColor": "$tokens.colors.accent-dim",
      "headerWidth": "2px",
      "headerStyle": "solid"
    },
    "alignmentGrid": {
      "_doc": "Two master tokens control ALL horizontal alignment across the entire layout",
      "sidebarPad": {
        "token": "$tokens.sizing.sidebar-pad",
        "controls": [
          "header sidebar-zone paddingLeft",
          "sidebar workspace left/right padding",
          "sidebar nav left/right padding (via calc with navItemInternalPad)",
          "sidebar footer left/right padding",
          "logo left edge (via header sidebar-zone)"
        ]
      },
      "mainPad": {
        "token": "$tokens.sizing.main-pad",
        "controls": [
          "header content-zone paddingLeft/Right",
          "breadcrumbs left edge",
          "header actions right edge",
          "main content paddingLeft/Right",
          "page title left edge",
          "cards/content left edge",
          "footer paddingLeft/Right"
        ]
      }
    }
  },
  "tokens": {
    "spacing": {
      "2xs": {
        "value": 2,
        "unit": "px"
      },
      "xs": {
        "value": 4,
        "unit": "px"
      },
      "sm": {
        "value": 8,
        "unit": "px"
      },
      "md": {
        "value": 14,
        "unit": "px"
      },
      "lg": {
        "value": 22,
        "unit": "px"
      },
      "xl": {
        "value": 32,
        "unit": "px"
      },
      "2xl": {
        "value": 44,
        "unit": "px"
      },
      "3xl": {
        "value": 60,
        "unit": "px"
      }
    },
    "sizing": {
      "sidebar-width": {
        "value": 240,
        "unit": "px"
      },
      "sidebar-min": {
        "value": 180,
        "unit": "px"
      },
      "sidebar-collapsed": {
        "value": 52,
        "unit": "px"
      },
      "header-height": {
        "value": 56,
        "unit": "px"
      },
      "footer-height": {
        "value": 36,
        "unit": "px"
      },
      "full-height": {
        "value": 100,
        "unit": "vh"
      },
      "content-max-width": {
        "value": 1120,
        "unit": "px"
      },
      "dialog-sm": {
        "value": 400,
        "unit": "px"
      },
      "dialog-md": {
        "value": 540,
        "unit": "px"
      },
      "dialog-lg": {
        "value": 700,
        "unit": "px"
      },
      "sheet-width": {
        "value": 360,
        "unit": "px"
      },
      "drawer-height": {
        "value": 300,
        "unit": "px"
      },
      "popover-width": {
        "value": 260,
        "unit": "px"
      },
      "command-width": {
        "value": 460,
        "unit": "px"
      },
      "avatar-sm": {
        "value": 22,
        "unit": "px"
      },
      "avatar-md": {
        "value": 32,
        "unit": "px"
      },
      "avatar-lg": {
        "value": 44,
        "unit": "px"
      },
      "icon-sm": {
        "value": 14,
        "unit": "px"
      },
      "icon-md": {
        "value": 17,
        "unit": "px"
      },
      "icon-lg": {
        "value": 22,
        "unit": "px"
      },
      "input-height": {
        "value": 34,
        "unit": "px"
      },
      "input-height-sm": {
        "value": 26,
        "unit": "px"
      },
      "input-height-lg": {
        "value": 42,
        "unit": "px"
      },
      "sidebar-pad": {
        "value": 16,
        "unit": "px",
        "description": "Master horizontal padding inside sidebar — controls alignment of logo, workspace, nav icons, user"
      },
      "main-pad": {
        "value": 28,
        "unit": "px",
        "description": "Master horizontal padding for main content area — controls alignment of breadcrumbs, title, cards, header actions"
      },
      "sidebar-nav-pad": {
        "value": 10,
        "unit": "px",
        "description": "Sidebar navigation container padding = sidebar-pad(16) - navItemInternalPad(6). Ensures nav text aligns with brand/footer."
      }
    },
    "fontFamilies": {
      "primary": {
        "family": "Inter",
        "fallbacks": [
          "-apple-system",
          "BlinkMacSystemFont",
          "Segoe UI",
          "Roboto",
          "sans-serif"
        ]
      },
      "mono": {
        "family": "JetBrains Mono",
        "fallbacks": [
          "SF Mono",
          "Fira Code",
          "Cascadia Code",
          "monospace"
        ]
      },
      "display": {
        "family": "Inter",
        "fallbacks": [
          "-apple-system",
          "BlinkMacSystemFont",
          "sans-serif"
        ]
      }
    },
    "fontSizes": {
      "2xs": {
        "value": 10,
        "unit": "px"
      },
      "xs": {
        "value": 11,
        "unit": "px"
      },
      "sm": {
        "value": 12.5,
        "unit": "px"
      },
      "md": {
        "value": 14,
        "unit": "px"
      },
      "lg": {
        "value": 15.5,
        "unit": "px"
      },
      "xl": {
        "value": 18,
        "unit": "px"
      },
      "2xl": {
        "value": 21,
        "unit": "px"
      },
      "3xl": {
        "value": 26,
        "unit": "px"
      },
      "4xl": {
        "value": 34,
        "unit": "px"
      },
      "5xl": {
        "value": 44,
        "unit": "px"
      }
    },
    "fontWeights": {
      "regular": {
        "value": 400
      },
      "medium": {
        "value": 500
      },
      "semibold": {
        "value": 600
      },
      "bold": {
        "value": 700
      }
    },
    "lineHeights": {
      "none": {
        "value": 1
      },
      "tight": {
        "value": 1.2
      },
      "snug": {
        "value": 1.35
      },
      "normal": {
        "value": 1.5
      },
      "relaxed": {
        "value": 1.65
      }
    },
    "letterSpacings": {
      "tighter": {
        "value": -0.035,
        "unit": "em"
      },
      "tight": {
        "value": -0.02,
        "unit": "em"
      },
      "normal": {
        "value": 0,
        "unit": "em"
      },
      "wide": {
        "value": 0.03,
        "unit": "em"
      },
      "wider": {
        "value": 0.06,
        "unit": "em"
      }
    },
    "colors": {
      "bg": {
        "value": "#f8f9fb"
      },
      "surface": {
        "value": "#ffffff"
      },
      "surface-2": {
        "value": "#f1f3f5"
      },
      "surface-3": {
        "value": "#e9ecef"
      },
      "border": {
        "value": "#dee2e6"
      },
      "border-2": {
        "value": "#ced4da"
      },
      "text": {
        "value": "#212529"
      },
      "text-muted": {
        "value": "#6c757d"
      },
      "text-dim": {
        "value": "#adb5bd"
      },
      "accent": {
        "value": "#4a7cca"
      },
      "accent-dim": {
        "value": "#3a6ab5"
      },
      "accent-fg": {
        "value": "#ffffff"
      },
      "danger": {
        "value": "#c0392b"
      },
      "danger-dim": {
        "value": "#a93226"
      },
      "success": {
        "value": "#27ae60"
      },
      "success-dim": {
        "value": "#1e8449"
      },
      "warning": {
        "value": "#d4a017"
      },
      "warning-dim": {
        "value": "#b8860b"
      },
      "sidebar-bg": {
        "value": "#f2f4f7"
      },
      "header-bg": {
        "value": "#f8f9fb"
      },
      "input-bg": {
        "value": "#ffffff"
      },
      "input-border": {
        "value": "#dee2e6"
      },
      "card-bg": {
        "value": "#ffffff"
      },
      "card-border": {
        "value": "#dee2e6"
      },
      "ring": {
        "value": "#4a7cca33"
      }
    },
    "borderRadius": {
      "none": {
        "value": 0,
        "unit": "px"
      },
      "sm": {
        "value": 3,
        "unit": "px"
      },
      "md": {
        "value": 5,
        "unit": "px"
      },
      "lg": {
        "value": 8,
        "unit": "px"
      },
      "xl": {
        "value": 12,
        "unit": "px"
      },
      "full": {
        "value": 9999,
        "unit": "px"
      }
    },
    "borderWidth": {
      "none": {
        "value": 0,
        "unit": "px"
      },
      "thin": {
        "value": 1,
        "unit": "px"
      },
      "medium": {
        "value": 2,
        "unit": "px"
      }
    }
  },
  "textStyles": {
    "display-1": {
      "description": "Hero / display heading — landing pages e estados vazios",
      "fontFamily": "$tokens.fontFamilies.display",
      "fontSize": "$tokens.fontSizes.5xl",
      "fontWeight": "$tokens.fontWeights.bold",
      "lineHeight": "$tokens.lineHeights.none",
      "letterSpacing": "$tokens.letterSpacings.tighter"
    },
    "heading-1": {
      "description": "Título principal de página",
      "fontFamily": "$tokens.fontFamilies.display",
      "fontSize": "$tokens.fontSizes.3xl",
      "fontWeight": "$tokens.fontWeights.bold",
      "lineHeight": "$tokens.lineHeights.tight",
      "letterSpacing": "$tokens.letterSpacings.tight"
    },
    "heading-2": {
      "description": "Título de seção",
      "fontFamily": "$tokens.fontFamilies.display",
      "fontSize": "$tokens.fontSizes.2xl",
      "fontWeight": "$tokens.fontWeights.semibold",
      "lineHeight": "$tokens.lineHeights.tight",
      "letterSpacing": "$tokens.letterSpacings.tight"
    },
    "heading-3": {
      "description": "Título de card ou grupo",
      "fontFamily": "$tokens.fontFamilies.display",
      "fontSize": "$tokens.fontSizes.lg",
      "fontWeight": "$tokens.fontWeights.semibold",
      "lineHeight": "$tokens.lineHeights.snug"
    },
    "heading-4": {
      "description": "Subtítulo ou label de grupo",
      "fontFamily": "$tokens.fontFamilies.primary",
      "fontSize": "$tokens.fontSizes.md",
      "fontWeight": "$tokens.fontWeights.semibold",
      "lineHeight": "$tokens.lineHeights.snug"
    },
    "body": {
      "description": "Texto padrão de conteúdo",
      "fontFamily": "$tokens.fontFamilies.primary",
      "fontSize": "$tokens.fontSizes.md",
      "fontWeight": "$tokens.fontWeights.regular",
      "lineHeight": "$tokens.lineHeights.normal"
    },
    "body-lg": {
      "description": "Texto de leitura, parágrafos longos",
      "fontFamily": "$tokens.fontFamilies.primary",
      "fontSize": "$tokens.fontSizes.lg",
      "fontWeight": "$tokens.fontWeights.regular",
      "lineHeight": "$tokens.lineHeights.relaxed"
    },
    "body-sm": {
      "description": "Texto secundário, descrições curtas",
      "fontFamily": "$tokens.fontFamilies.primary",
      "fontSize": "$tokens.fontSizes.sm",
      "fontWeight": "$tokens.fontWeights.regular",
      "lineHeight": "$tokens.lineHeights.normal"
    },
    "caption": {
      "description": "Labels, metadados, timestamps",
      "fontFamily": "$tokens.fontFamilies.primary",
      "fontSize": "$tokens.fontSizes.xs",
      "fontWeight": "$tokens.fontWeights.medium",
      "lineHeight": "$tokens.lineHeights.normal",
      "letterSpacing": "$tokens.letterSpacings.wide"
    },
    "overline": {
      "description": "Texto acima de títulos, categorias em caps",
      "fontFamily": "$tokens.fontFamilies.primary",
      "fontSize": "$tokens.fontSizes.2xs",
      "fontWeight": "$tokens.fontWeights.semibold",
      "lineHeight": "$tokens.lineHeights.normal",
      "letterSpacing": "$tokens.letterSpacings.wider"
    },
    "code": {
      "description": "Código inline e blocos de código",
      "fontFamily": "$tokens.fontFamilies.mono",
      "fontSize": "$tokens.fontSizes.sm",
      "fontWeight": "$tokens.fontWeights.regular",
      "lineHeight": "$tokens.lineHeights.relaxed"
    },
    "code-sm": {
      "description": "Código em contextos compactos (badges, tags)",
      "fontFamily": "$tokens.fontFamilies.mono",
      "fontSize": "$tokens.fontSizes.xs",
      "fontWeight": "$tokens.fontWeights.regular",
      "lineHeight": "$tokens.lineHeights.normal"
    },
    "ui-label": {
      "description": "Labels de formulário e controles de UI",
      "fontFamily": "$tokens.fontFamilies.primary",
      "fontSize": "$tokens.fontSizes.sm",
      "fontWeight": "$tokens.fontWeights.medium",
      "lineHeight": "$tokens.lineHeights.none"
    },
    "ui-button": {
      "description": "Texto em botões",
      "fontFamily": "$tokens.fontFamilies.primary",
      "fontSize": "$tokens.fontSizes.sm",
      "fontWeight": "$tokens.fontWeights.medium",
      "lineHeight": "$tokens.lineHeights.none"
    },
    "nav-item": {
      "description": "Itens de navegação em sidebar e menus",
      "fontFamily": "$tokens.fontFamilies.mono",
      "fontSize": "$tokens.fontSizes.sm",
      "fontWeight": "$tokens.fontWeights.medium",
      "lineHeight": "$tokens.lineHeights.snug"
    },
    "table-header": {
      "description": "Cabeçalhos de tabela e data table",
      "fontFamily": "$tokens.fontFamilies.primary",
      "fontSize": "$tokens.fontSizes.xs",
      "fontWeight": "$tokens.fontWeights.semibold",
      "lineHeight": "$tokens.lineHeights.normal",
      "letterSpacing": "$tokens.letterSpacings.wide"
    },
    "table-cell": {
      "description": "Células de tabela",
      "fontFamily": "$tokens.fontFamilies.primary",
      "fontSize": "$tokens.fontSizes.sm",
      "fontWeight": "$tokens.fontWeights.regular",
      "lineHeight": "$tokens.lineHeights.normal"
    }
  },
  "pages": {
    "dashboard-4329": {
      "id": "dashboard-4329",
      "label": "Dashboard",
      "route": "/dashboard-4329",
      "content": {
        "id": "stack-31308",
        "type": "stack",
        "props": {
          "gap": "24px"
        },
        "children": [
          {
            "id": "row-31297",
            "type": "row",
            "props": {
              "gap": "12px",
              "align": "center",
              "justify": "space-between"
            },
            "children": [
              {
                "id": "heading-31293",
                "type": "heading",
                "props": {
                  "content": "Dashboard",
                  "level": 1
                }
              },
              {
                "id": "row-31296",
                "type": "row",
                "props": {
                  "gap": "8px",
                  "align": "center"
                },
                "children": [
                  {
                    "id": "search-31294",
                    "type": "search",
                    "props": {
                      "placeholder": "Buscar..."
                    }
                  },
                  {
                    "id": "button-31295",
                    "type": "button",
                    "props": {
                      "label": "Nova ação",
                      "variant": "primary",
                      "icon": "Plus"
                    }
                  }
                ]
              }
            ]
          },
          {
            "id": "grid-31302",
            "type": "grid",
            "props": {
              "columns": 4,
              "gap": "18px"
            },
            "children": [
              {
                "id": "stat-card-31298",
                "type": "stat-card",
                "props": {
                  "label": "Total",
                  "value": "1,234",
                  "icon": "TrendUp"
                }
              },
              {
                "id": "stat-card-31299",
                "type": "stat-card",
                "props": {
                  "label": "Ativos",
                  "value": "567",
                  "icon": "CheckCircle"
                }
              },
              {
                "id": "stat-card-31300",
                "type": "stat-card",
                "props": {
                  "label": "Pendentes",
                  "value": "89",
                  "icon": "Clock"
                }
              },
              {
                "id": "stat-card-31301",
                "type": "stat-card",
                "props": {
                  "label": "Taxa",
                  "value": "94.2%",
                  "icon": "Percent"
                }
              }
            ]
          },
          {
            "id": "row-31306",
            "type": "row",
            "props": {
              "gap": "8px",
              "align": "center"
            },
            "children": [
              {
                "id": "select-31303",
                "type": "select",
                "props": {
                  "placeholder": "Status",
                  "options": [
                    {
                      "value": "all",
                      "label": "Todos"
                    },
                    {
                      "value": "active",
                      "label": "Ativos"
                    },
                    {
                      "value": "inactive",
                      "label": "Inativos"
                    }
                  ]
                }
              },
              {
                "id": "select-31304",
                "type": "select",
                "props": {
                  "placeholder": "Período",
                  "options": [
                    {
                      "value": "7d",
                      "label": "Últimos 7 dias"
                    },
                    {
                      "value": "30d",
                      "label": "Últimos 30 dias"
                    },
                    {
                      "value": "90d",
                      "label": "Últimos 90 dias"
                    }
                  ]
                }
              },
              {
                "id": "spacer-31305",
                "type": "spacer",
                "props": {
                  "size": "1px"
                }
              }
            ]
          },
          {
            "id": "table-31307",
            "type": "table",
            "props": {
              "dataSource": "items",
              "columns": [
                {
                  "key": "name",
                  "label": "Nome",
                  "width": "18%"
                },
                {
                  "key": "status",
                  "label": "Status",
                  "width": "18%"
                },
                {
                  "key": "date",
                  "label": "Data",
                  "width": "18%"
                },
                {
                  "key": "value",
                  "label": "Valor",
                  "width": "18%",
                  "align": "right"
                },
                {
                  "key": "actions",
                  "label": "",
                  "width": "18%",
                  "align": "right"
                }
              ]
            }
          }
        ]
      }
    }
  }
}
